chromo	start Mbp	end Mbp	mean 10-40	min 10-40	mean 40-70	min 40-70	mean 70-100	min 70-100	mean 100-130	min 100-130
chr5	14.31	14.75	22.82	14.99	29.70	18.00	37.87	23.13	50.83	35.99	
chr5	32.61	33.31	8.57	-12.07	8.00	-5.68	8.58	-6.17	15.34	-3.38	
chr5	33.99	34.40	12.16	-4.15	12.56	0.06	14.06	-1.27	19.86	-3.15	
chr5	34.90	36.25	11.12	-12.29	10.86	-4.76	11.85	-9.38	15.88	-3.20	
chr5	36.74	37.13	-8.01	-10.76	-1.13	-4.11	-0.89	-4.20	8.80	3.24	
chr5	37.48	38.27	33.94	2.45	23.62	0.43	24.44	1.95	36.34	12.32	
chr5	38.74	39.17	5.23	-20.50	13.45	-0.52	34.22	13.87	44.75	23.80	
chr5	54.96	55.88	45.00	-19.02	46.16	-4.93	51.94	10.35	49.27	11.75	
chr5	56.58	57.45	23.46	-1.65	25.24	4.73	26.10	2.63	37.77	1.93	
chr5	65.26	65.63	-0.56	-1.31	-0.74	-1.02	1.21	-1.41	17.59	16.90	
chr5	68.56	69.01	15.87	-11.23	13.51	-7.55	15.06	-1.36	23.80	10.08	
chr5	72.55	73.10	10.68	0.72	12.78	2.86	15.16	2.35	23.63	8.35	
chr5	73.62	74.11	17.48	5.64	16.43	5.84	20.96	9.86	31.44	14.08	
chr5	77.12	78.44	6.95	-17.91	7.69	-10.02	9.16	-10.70	13.79	-8.24	
chr5	80.31	80.84	38.61	12.62	33.63	1.78	36.53	7.30	43.51	1.10	
chr5	81.33	82.03	5.70	-41.00	14.17	-38.68	16.60	-23.05	25.42	-3.31	
chr5	82.65	83.54	1.15	-35.70	2.91	-28.11	6.74	-26.69	15.76	-18.66	
chr5	127.25	127.71	15.76	-16.26	18.35	-5.15	24.60	6.26	36.73	2.22	
chr5	132.56	132.96	50.27	38.89	54.51	39.81	57.84	46.78	58.10	41.65	
chr5	133.20	133.90	15.87	-6.57	11.63	-0.51	13.86	-4.66	17.08	-0.40	
chr5	137.52	138.17	22.14	9.55	14.55	6.34	17.05	6.48	23.87	14.97	
chr5	138.73	139.31	25.85	9.00	16.95	5.64	21.42	5.79	31.13	7.12	
chr5	140.62	141.56	1.43	-5.18	2.15	-2.60	2.32	-4.23	5.27	-3.20	
chr5	149.62	150.13	27.23	21.71	23.65	18.89	26.25	18.87	36.43	25.48	
chr5	150.71	151.50	21.35	-1.13	23.06	0.48	25.03	1.99	32.91	10.91	
chr5	168.65	170.22	20.90	0.68	18.16	-1.25	19.12	1.34	24.00	2.11	
chr5	170.75	171.28	-0.91	-11.30	-0.47	-10.03	0.22	-11.79	5.80	-2.82	
chr5	171.71	172.52	24.88	5.61	24.11	6.52	28.38	7.66	35.73	15.84	
chr5	173.06	173.65	23.76	3.87	19.10	3.63	20.90	0.10	26.94	3.82	
chr5	173.86	174.31	40.33	18.90	43.90	18.13	45.53	22.50	61.40	40.08	
chr5	174.55	175.48	27.05	7.09	25.76	5.09	30.65	-0.62	37.07	11.12	
chr5	175.90	176.39	11.51	2.20	9.42	1.17	11.45	0.99	15.44	1.50	
chr5	177.60	178.12	2.34	0.14	2.17	0.34	2.37	-0.15	3.39	0.38	
chr5	178.67	179.47	16.90	-1.73	12.77	-3.24	12.70	-1.18	17.67	-1.45	
chr5	180.02	180.90	30.78	9.31	25.40	5.64	26.04	11.72	35.57	13.66	
chr11	1.05	1.65	19.15	5.29	17.00	6.65	18.69	4.52	26.81	7.91	
chr11	2.12	2.73	22.38	6.48	19.30	6.48	19.29	6.32	26.36	8.98	
chr11	3.26	3.67	17.44	12.87	14.97	11.81	15.99	9.71	18.16	14.43	
chr11	9.76	10.31	5.44	-2.94	3.75	-1.28	5.22	-4.48	15.48	7.77	
chr11	11.01	11.86	11.61	1.08	10.69	-0.13	11.41	0.35	15.85	2.07	
chr11	12.42	12.99	19.14	8.13	22.51	10.29	28.07	14.60	35.80	23.16	
chr11	13.43	14.13	7.84	-5.25	8.17	-1.20	9.53	-0.33	13.72	-3.58	
chr11	18.68	19.27	14.14	2.67	12.81	4.17	14.94	3.04	24.88	11.14	
chr11	46.61	47.14	30.41	15.08	30.50	15.32	33.35	20.18	42.35	24.24	
chr11	61.88	62.37	21.71	7.30	16.62	5.72	18.29	7.93	23.24	8.88	
chr11	62.94	63.76	4.66	-1.53	3.25	-0.58	3.93	-0.50	6.08	0.79	
chr11	64.37	65.22	39.90	14.09	40.89	11.53	46.42	16.52	56.87	24.83	
chr11	65.73	66.27	52.69	16.17	52.56	15.33	57.66	21.37	56.56	34.26	
chr11	66.46	66.91	36.65	25.13	35.73	26.42	42.95	32.85	53.12	40.38	
chr11	67.57	68.03	14.25	6.81	10.08	6.63	12.18	7.89	19.80	14.08	
chr11	68.46	69.05	22.60	13.92	17.25	7.67	19.24	11.14	28.09	15.96	
chr11	70.36	71.94	14.36	0.00	12.92	0.00	11.93	0.00	15.60	0.00	
chr11	74.10	75.21	20.96	3.75	15.95	3.62	19.49	7.83	24.53	10.34	
chr11	75.75	76.35	9.03	-4.86	7.15	-1.09	8.75	-1.39	13.89	5.62	
chr11	76.99	77.80	27.22	9.56	24.68	8.92	30.41	16.48	33.69	17.89	
chr11	86.93	87.48	-4.01	-10.48	-2.46	-9.14	-0.93	-5.63	4.25	-3.82	
chr11	94.10	94.59	30.30	4.14	23.29	11.32	26.65	7.27	31.55	19.25	
chr11	108.06	108.43	0.58	-0.60	2.65	2.63	9.76	7.27	21.58	20.57	
chr11	117.47	118.40	22.92	2.24	16.39	6.12	16.91	7.04	20.50	7.51	
chr11	119.56	120.15	24.58	5.37	19.90	5.11	20.70	4.13	30.16	3.06	
chr11	131.44	131.83	13.20	6.96	13.71	7.48	15.47	9.46	21.19	17.56	
chr22	17.24	17.63	10.80	7.87	14.74	13.04	25.55	18.77	35.09	34.61	
chr22	18.23	19.59	9.42	-0.32	9.64	-0.41	10.84	-0.38	12.97	-0.20	
chr22	20.32	20.72	58.13	50.27	54.27	45.03	54.64	46.85	58.77	49.93	
chr22	21.04	21.51	0.28	-0.34	0.23	-0.18	0.29	-0.21	0.51	-0.17	
chr22	25.64	26.31	17.55	4.50	15.95	3.84	15.95	4.62	21.71	7.58	
chr22	27.80	29.25	14.07	-1.86	15.20	0.07	18.22	1.18	22.16	4.41	
chr22	32.03	32.49	17.55	-2.01	14.22	-0.06	14.97	-1.37	19.31	2.09	
chr22	35.64	36.19	5.57	0.38	4.50	0.37	7.25	2.71	11.91	7.34	
chr22	36.65	37.17	16.11	10.46	14.26	7.77	17.04	9.05	23.36	14.84	
chr22	39.56	40.51	11.97	-0.40	9.32	0.70	11.84	3.15	16.66	4.75	
chr22	41.67	42.44	28.46	10.41	24.82	9.22	29.75	13.95	36.58	19.78	
chr22	43.28	43.92	10.41	-1.94	8.02	-1.32	9.10	-1.62	13.28	0.30	
chr22	44.98	45.74	36.18	7.28	31.92	8.14	40.62	16.05	47.73	18.39	
chr12	0.81	1.37	13.75	0.06	16.10	2.61	19.73	2.26	26.74	15.27	
chr12	1.83	2.77	25.47	9.72	19.01	8.22	20.21	6.59	24.83	11.35	
chr12	3.38	4.81	20.81	-9.04	17.04	-6.22	18.28	-4.38	22.28	1.80	
chr12	5.30	6.11	17.92	6.29	14.05	5.52	13.97	4.98	21.91	6.76	
chr12	7.07	7.73	2.87	-3.06	3.41	-0.38	4.28	0.42	7.66	2.89	
chr12	11.96	12.59	28.41	6.45	36.93	12.91	44.03	18.30	48.15	24.12	
chr12	26.42	26.93	20.42	4.53	18.19	1.69	19.01	7.54	25.50	12.40	
chr12	31.98	32.44	18.48	7.27	21.86	13.46	24.59	18.40	35.81	19.30	
chr12	46.58	46.96	9.86	6.00	14.66	9.84	12.74	10.24	26.82	21.09	
chr12	48.08	48.78	4.84	-2.35	3.52	-0.21	4.59	-4.24	8.12	0.60	
chr12	49.42	49.92	46.65	30.49	43.06	29.63	51.92	31.01	53.01	34.39	
chr12	50.48	51.07	20.56	6.59	19.82	6.72	21.90	14.20	25.89	17.25	
chr12	51.42	51.92	6.90	4.81	7.32	3.82	12.50	5.89	19.25	14.01	
chr12	52.43	52.93	13.23	9.60	10.67	7.10	14.16	8.66	24.26	15.15	
chr12	53.49	54.03	35.89	16.75	29.84	15.13	32.90	23.45	38.19	26.46	
chr12	54.58	55.78	0.26	-4.12	0.37	-2.85	0.55	-3.75	2.92	-4.99	
chr12	64.75	65.37	12.82	1.37	11.23	0.99	14.69	6.12	20.29	10.01	
chr12	65.97	67.42	8.42	-5.28	8.82	-1.94	9.68	-4.16	13.50	-0.87	
chr12	67.88	68.36	21.55	-7.33	20.72	-1.88	29.02	-0.26	37.23	15.31	
chr12	68.98	69.36	31.10	25.49	27.61	22.15	27.16	20.77	35.26	33.20	
chr12	95.56	96.05	39.82	23.27	32.81	18.77	43.36	31.09	43.79	26.79	
chr12	104.52	105.07	21.24	6.51	18.29	5.45	20.91	8.88	29.40	10.37	
chr12	105.51	105.92	18.34	5.56	13.53	-2.22	15.10	1.23	18.78	5.74	
chr12	106.38	107.11	27.26	-0.45	26.78	-3.75	30.01	2.03	31.08	2.70	
chr12	108.93	109.56	18.59	4.99	16.04	6.24	18.37	7.95	25.92	17.50	
chr12	110.21	111.28	33.28	13.03	26.42	13.75	30.35	15.87	34.93	20.64	
chr12	112.39	112.99	12.22	3.95	8.65	4.05	9.36	1.20	15.58	7.61	
chr12	117.12	117.78	29.02	10.80	24.31	9.74	29.49	19.19	38.26	20.44	
chr12	120.62	121.48	32.17	9.51	27.95	8.82	30.96	13.00	34.21	17.81	
chr12	122.14	122.69	41.97	15.37	42.82	24.35	41.42	33.95	39.98	31.32	
chr12	123.28	124.46	17.96	4.68	16.31	5.62	16.87	4.26	23.68	7.42	
chr18	9.09	9.52	21.65	8.66	21.25	6.80	19.91	8.40	26.60	17.08	
chr18	10.09	11.95	8.70	-4.42	7.92	-1.57	7.23	-6.14	13.13	-1.07	
chr18	12.60	13.32	28.10	-5.89	28.48	4.57	36.14	11.25	47.58	20.52	
chr18	24.05	24.58	26.52	3.34	27.08	16.14	27.43	0.28	33.81	10.56	
chr18	49.16	49.62	14.87	6.03	12.50	6.90	19.61	14.45	25.10	19.42	
chr18	50.03	50.61	19.84	1.73	18.38	4.91	19.02	2.72	26.04	8.27	
chr18	57.99	58.45	24.41	12.52	17.31	6.88	20.58	11.68	32.16	21.97	
chr18	59.09	59.60	14.25	1.55	11.26	2.55	10.73	-0.26	14.65	2.21	
chr14	23.24	24.00	16.57	1.61	12.49	1.14	13.99	-2.67	17.76	2.54	
chr14	31.43	31.87	3.27	-7.99	7.66	-1.82	5.85	-1.46	16.83	-0.30	
chr14	50.20	50.59	36.30	26.40	36.82	27.83	39.39	31.67	48.75	39.28	
chr14	50.87	51.27	13.60	9.44	16.98	12.65	19.61	13.86	33.38	28.36	
chr14	51.76	52.54	15.96	2.53	17.30	-0.07	18.75	8.08	24.78	10.72	
chr14	53.10	54.26	13.90	-3.44	11.47	-3.43	13.06	1.63	18.50	3.29	
chr14	55.49	56.37	15.97	-4.09	13.35	-2.66	14.42	-4.27	25.32	0.22	
chr14	63.71	64.42	9.79	-1.03	9.30	0.76	11.42	-0.21	18.56	5.59	
chr14	72.80	73.52	53.85	20.50	58.61	23.99	59.58	37.72	59.89	39.70	
chr14	89.55	90.22	16.75	4.71	17.54	2.83	16.11	-6.28	21.01	6.11	
chr14	90.74	91.12	4.97	-7.01	8.69	5.13	9.14	-3.17	13.53	3.54	
chr14	91.47	92.27	13.92	-8.24	12.82	-6.52	13.34	-6.41	14.13	-3.50	
chr14	93.20	93.78	3.31	-8.89	3.78	-10.47	2.70	-9.28	6.85	-5.65	
chr14	103.74	104.60	13.35	-0.97	10.77	0.28	10.89	2.26	13.06	3.87	
chr4	1.17	1.55	40.69	38.13	33.25	28.92	37.43	36.46	53.10	49.95	
chr4	2.69	3.24	37.25	27.30	36.95	26.54	42.70	31.55	53.16	38.36	
chr4	3.76	4.37	24.03	-0.09	18.74	0.06	19.26	0.18	23.78	-1.40	
chr4	5.04	6.39	17.30	-2.49	16.84	2.02	17.95	-0.25	21.42	-0.90	
chr4	7.04	7.89	31.72	16.82	27.87	11.47	32.68	15.72	41.46	19.12	
chr4	38.13	38.73	18.83	-0.63	19.38	2.34	17.47	3.77	22.97	7.82	
chr4	39.82	40.19	60.79	57.98	53.04	51.46	52.48	47.03	62.31	61.74	
chr4	40.55	41.17	25.89	12.65	28.90	8.55	26.45	6.10	42.68	25.16	
chr4	75.78	76.32	22.93	7.24	21.72	10.12	23.03	2.34	34.62	16.02	
chr4	122.00	122.55	-8.60	-17.88	-2.59	-12.17	-5.07	-14.71	1.22	-9.95	
chr4	123.02	123.42	-9.95	-28.98	-3.51	-9.69	7.43	-7.73	22.61	-8.26	
chr4	152.17	152.89	16.89	-25.06	22.11	-12.54	24.08	-8.17	26.03	-2.84	
chr4	168.84	169.73	14.91	-0.64	20.77	-2.48	24.35	3.93	35.84	12.30	
chr4	182.26	182.76	-0.47	-6.82	2.48	-4.16	0.25	-8.49	7.27	-5.81	
chr4	183.64	184.22	13.57	-3.06	13.54	0.49	14.25	-1.38	20.04	3.15	
chr9	4.59	5.28	12.24	-10.92	14.53	-12.65	16.18	-18.43	26.46	-10.37	
chr9	15.43	15.96	5.02	-16.84	4.31	-17.07	3.89	-15.21	11.40	-3.31	
chr9	33.58	34.27	35.69	8.28	38.20	9.50	48.94	29.51	49.46	30.05	
chr9	34.81	35.50	15.63	0.54	15.81	1.73	18.73	3.39	19.52	7.04	
chr9	36.30	37.30	22.82	6.45	23.72	6.48	27.76	6.04	35.41	11.78	
chr9	69.39	69.78	33.60	11.16	23.79	16.29	23.17	14.31	30.37	24.57	
chr9	87.88	88.45	19.64	4.74	21.70	3.47	18.37	-3.13	25.06	1.61	
chr9	88.94	89.34	9.94	4.41	15.02	10.42	13.29	2.30	24.69	18.32	
chr9	92.27	92.77	15.24	1.19	13.62	3.80	16.63	8.01	22.70	7.60	
chr9	93.37	94.56	14.66	-6.06	15.77	-1.65	15.29	-6.84	19.97	1.03	
chr9	96.66	97.58	13.84	-8.92	15.15	-0.74	14.31	-3.17	16.15	3.26	
chr9	98.37	98.78	31.95	24.24	30.56	22.63	25.42	16.58	33.85	21.88	
chr9	112.28	113.29	6.95	-0.50	8.35	0.00	11.61	-0.09	17.35	-0.08	
chr9	113.75	114.19	24.18	9.84	25.06	17.03	26.75	12.47	34.66	25.46	
chr9	114.96	115.97	21.25	-0.26	24.01	3.50	26.38	-0.00	33.50	9.63	
chr9	122.40	123.14	12.71	-5.73	13.76	-1.12	15.88	-2.23	21.36	-1.22	
chr9	123.53	123.95	5.92	1.86	4.42	1.15	3.59	0.12	14.83	8.62	
chr9	125.47	126.54	8.57	-9.43	8.44	-2.69	10.12	-6.90	15.85	-0.77	
chr9	126.96	127.63	33.73	16.42	30.32	16.84	33.64	22.05	37.70	23.73	
chr9	128.45	129.31	52.21	33.82	60.73	40.13	64.18	42.91	71.39	39.11	
chr9	129.81	130.21	19.34	16.86	17.29	13.85	35.95	30.27	50.91	44.89	
chr9	130.43	130.84	47.80	37.93	44.21	37.11	50.32	38.04	53.51	44.22	
chr9	131.45	132.08	35.97	19.91	32.68	15.38	34.73	18.06	42.12	29.53	
chr6	10.66	11.15	18.81	1.12	19.66	3.18	21.76	0.72	32.46	16.56	
chr6	11.81	12.28	10.43	-5.25	12.06	2.38	10.12	2.82	22.02	14.02	
chr6	29.84	30.49	11.08	2.56	12.13	5.71	14.63	5.77	18.58	6.35	
chr6	31.02	31.55	10.96	7.06	10.11	5.09	14.71	8.57	22.11	14.52	
chr6	32.15	33.09	6.36	-2.14	4.64	-1.10	5.44	-1.41	7.97	-0.04	
chr6	33.77	34.24	33.01	22.46	27.32	16.61	30.28	16.19	38.63	17.27	
chr6	34.55	35.00	47.11	36.37	45.54	40.45	44.81	33.37	44.44	33.28	
chr6	35.58	36.45	17.83	5.13	15.64	3.96	17.96	7.61	21.43	6.90	
chr6	42.24	42.74	21.91	15.83	17.08	11.12	20.79	11.29	29.14	19.05	
chr6	43.18	43.68	38.06	26.06	39.92	26.11	44.39	30.83	54.96	35.71	
chr6	44.35	45.38	7.47	-10.73	6.21	-9.12	6.51	-5.60	9.79	-7.88	
chr6	89.48	89.89	21.26	11.10	24.38	16.76	29.82	14.57	41.42	14.67	
chr6	105.82	106.36	41.13	1.56	46.22	20.46	40.71	22.35	47.21	22.10	
chr6	107.13	107.55	9.89	-13.91	10.79	-3.74	15.21	-1.93	20.78	-1.61	
chr6	107.95	108.50	34.79	9.57	36.24	-0.82	37.40	1.59	43.67	23.32	
chr6	108.94	109.32	2.74	-6.43	-3.09	-13.01	7.81	4.49	24.58	13.85	
chr6	116.70	117.21	-0.26	-10.22	0.82	-9.09	3.60	-4.40	8.36	-12.49	
chr6	150.25	150.77	37.40	17.07	30.26	21.05	37.96	24.23	45.19	30.79	
chr6	158.18	158.55	11.83	7.01	12.89	9.90	33.64	27.57	50.03	39.38	
chr6	159.06	159.65	11.33	0.99	10.34	4.35	10.45	0.18	16.24	2.32	
chr6	166.87	167.26	16.82	11.38	19.53	8.62	22.58	19.02	29.79	20.58	
chr19	6.02	6.39	31.95	24.19	28.47	23.06	35.43	26.85	48.74	33.70	
chr19	6.83	7.41	17.52	-0.68	13.15	-0.18	15.60	-0.63	19.83	0.48	
chr19	8.68	10.00	9.69	-1.17	7.97	0.11	9.21	-0.21	13.16	0.67	
chr19	13.18	13.71	9.65	6.62	7.50	5.87	8.51	5.11	16.68	12.99	
chr19	14.61	15.12	7.41	2.40	5.14	0.80	5.86	2.96	8.87	3.89	
chr19	15.47	16.03	11.93	-1.02	9.19	-0.82	10.56	-1.11	12.72	3.62	
chr19	16.57	17.19	25.48	13.69	20.52	10.85	20.61	12.53	23.39	12.22	
chr19	17.73	18.16	53.05	37.25	54.84	40.16	54.95	43.72	58.69	49.82	
chr19	33.43	34.09	15.21	0.95	16.15	3.20	19.20	3.87	23.54	3.18	
chr19	34.53	35.05	7.78	-0.31	6.30	-1.05	7.49	-1.24	14.42	4.52	
chr19	39.60	40.23	11.74	2.12	9.16	2.01	10.62	2.11	16.13	3.14	
chr19	40.82	41.84	23.47	3.10	20.44	3.05	23.23	1.80	28.36	7.90	
chr19	42.44	43.43	19.14	3.07	16.01	3.80	19.99	6.93	23.43	11.02	
chr19	43.96	44.56	3.45	-1.41	2.97	-0.49	3.00	-4.24	5.70	0.90	
chr19	47.62	48.27	17.58	0.20	14.65	0.09	17.96	0.33	26.68	0.17	
chr19	49.10	49.51	26.59	22.37	21.92	15.49	27.81	19.75	45.56	36.67	
chr19	50.00	50.43	46.69	40.62	42.07	39.24	48.67	39.87	55.17	47.33	
chr19	50.94	51.62	33.35	17.65	23.93	10.77	24.00	5.23	28.16	14.21	
chr19	54.32	55.04	11.22	2.83	9.02	3.08	9.65	1.05	13.85	5.16	
chr8	7.06	8.19	1.29	-0.93	1.29	-1.14	1.42	-1.21	1.73	-1.59	
chr8	10.86	11.41	12.54	-3.95	14.60	2.40	12.25	-14.36	20.43	6.91	
chr8	18.06	18.92	9.29	-6.69	12.19	-10.90	11.32	-3.92	18.53	-2.14	
chr8	19.51	20.07	21.87	-3.14	20.32	-4.50	26.34	5.26	25.49	-1.44	
chr8	25.39	25.99	8.87	-11.01	8.53	-5.97	9.23	-9.66	16.22	0.28	
chr8	27.79	28.21	37.26	21.81	36.49	20.81	39.63	20.48	42.58	19.74	
chr8	32.58	33.22	16.02	-10.76	16.73	-5.49	22.02	1.71	32.49	15.21	
chr8	38.08	38.51	16.77	5.07	24.58	17.88	37.47	23.88	45.57	33.62	
chr8	94.22	94.82	15.99	3.27	21.08	6.58	24.67	5.57	28.75	14.46	
chr8	96.04	97.60	9.77	-12.19	9.14	-10.72	9.14	-16.78	15.91	-9.92	
chr8	101.36	102.45	5.41	-2.59	5.28	-4.40	6.00	-5.04	9.01	-1.95	
chr8	116.81	117.44	14.48	-6.67	14.77	-12.75	14.31	-11.23	22.61	1.16	
chr8	118.02	118.58	35.26	25.39	28.11	18.18	27.43	3.02	38.11	20.44	
chr8	124.60	125.24	16.58	-6.40	12.88	0.04	12.72	-0.69	16.83	1.08	
chr8	129.90	130.27	56.54	45.19	63.72	55.36	59.11	51.55	61.10	54.26	
chr8	141.39	142.35	11.54	-0.13	10.50	0.40	11.68	0.67	16.79	2.16	
chr8	142.82	143.27	23.77	17.54	19.08	12.93	18.75	12.42	23.17	14.63	
chr8	143.63	144.00	43.60	41.86	42.38	41.74	41.10	40.64	55.74	54.74	
chr20	0.71	1.22	28.59	14.21	22.55	12.37	26.08	12.90	35.25	24.55	
chr20	2.04	2.73	20.60	11.84	17.18	7.86	19.95	9.37	25.76	11.64	
chr20	3.24	3.71	8.89	2.13	8.13	2.03	12.13	3.22	20.69	12.11	
chr20	4.26	4.73	29.68	15.23	28.43	12.88	34.25	17.42	34.03	21.76	
chr20	4.97	5.57	35.15	4.98	34.37	4.32	31.99	7.64	38.14	12.61	
chr20	32.02	32.44	63.14	43.98	61.22	52.97	62.92	49.64	62.49	49.92	
chr20	32.90	33.51	23.71	10.01	19.67	10.20	19.44	8.10	27.13	12.68	
chr20	34.44	34.95	30.72	21.46	30.41	22.96	38.59	26.75	46.81	31.91	
chr20	35.63	36.39	34.04	18.10	28.79	16.12	33.32	22.98	42.62	33.03	
chr20	44.00	44.45	31.15	16.82	30.59	17.12	32.20	16.11	38.48	14.06	
chr20	44.92	45.69	35.04	6.98	35.78	4.84	38.57	9.42	47.18	21.32	
chr20	46.22	47.00	16.80	5.12	14.07	1.39	14.80	4.83	20.37	6.42	
chr20	47.59	48.62	18.09	5.69	16.75	5.93	16.74	4.79	21.05	7.17	
chr20	49.07	49.94	43.33	27.95	46.97	26.73	50.08	26.10	57.05	34.07	
chr20	50.61	51.20	27.70	15.53	31.98	20.81	37.51	24.80	44.83	32.09	
chr20	51.73	53.58	6.84	-3.19	6.68	-2.37	7.38	-3.03	11.11	0.66	
chr20	62.74	63.13	31.09	29.21	33.97	28.56	46.99	40.27	53.73	45.65	
chr7	0.61	1.24	27.12	9.27	27.34	9.50	32.90	16.20	46.44	23.73	
chr7	1.76	2.31	11.36	4.89	9.85	3.33	11.43	2.69	22.49	7.64	
chr7	5.74	6.12	2.37	2.17	2.44	1.97	2.43	1.54	3.81	3.41	
chr7	28.75	29.89	19.16	-6.55	21.64	-2.05	23.95	0.89	26.94	6.35	
chr7	39.94	40.84	10.34	-12.99	12.04	-5.72	12.34	-2.55	16.16	-1.79	
chr7	41.80	43.83	11.53	-7.19	11.48	-2.24	13.48	-6.02	16.81	-1.05	
chr7	45.13	45.85	6.78	-2.20	6.52	-0.33	7.29	-1.62	12.73	2.70	
chr7	46.39	47.29	4.87	-9.08	6.34	-5.14	7.81	-11.75	11.27	-3.89	
chr7	99.54	100.09	11.14	3.49	9.20	4.31	10.46	4.18	16.21	7.02	
chr7	131.85	132.35	19.83	-6.36	20.99	6.29	22.07	5.27	29.87	7.93	
chr7	139.39	140.26	38.38	13.69	40.81	9.60	42.16	16.06	53.21	25.12	
chr7	151.96	152.52	2.55	-9.86	2.77	-3.69	4.07	-8.67	11.21	0.49	
chr13	29.74	30.53	32.51	12.79	35.61	19.24	39.85	17.30	50.74	20.34	
chr13	31.11	31.75	6.26	-3.53	7.46	-4.79	7.02	-4.62	15.91	3.30	
chr13	32.12	32.72	35.10	-6.79	35.76	-3.77	39.58	10.16	42.81	13.97	
chr13	48.96	49.37	18.27	15.36	23.20	6.27	19.49	11.66	31.37	16.54	
chr13	49.94	50.38	34.08	14.24	32.07	22.03	36.04	24.51	42.45	30.76	
chr13	50.77	51.26	34.41	0.77	37.01	6.39	37.95	7.74	40.39	6.79	
chr13	94.65	95.20	10.13	-6.33	11.93	-0.40	11.82	1.69	16.55	3.16	
chr13	97.39	97.89	15.34	-8.60	15.98	-2.41	14.36	2.43	20.47	1.18	
chr13	109.40	109.77	4.06	3.27	7.56	5.01	10.92	9.02	20.28	17.13	
chr13	110.23	110.67	23.61	11.39	31.99	17.51	31.80	19.55	43.67	30.27	
chr13	113.20	113.60	47.30	35.83	50.67	33.17	56.35	36.04	55.55	35.90	
chr15	30.12	30.97	5.38	-0.27	6.05	-0.42	6.03	-0.55	7.76	-0.53	
chr15	31.63	32.56	4.48	-8.79	5.64	-3.07	4.47	-5.02	8.27	-4.99	
chr15	38.22	38.93	22.43	-4.67	21.22	0.57	26.16	4.16	34.36	6.72	
chr15	39.42	40.03	12.91	6.86	12.32	6.22	16.97	8.71	23.81	10.84	
chr15	40.63	41.40	28.67	8.08	32.34	9.20	38.22	12.74	47.90	21.16	
chr15	42.00	43.15	17.02	2.89	16.63	3.48	23.09	7.17	31.48	4.18	
chr15	43.53	43.94	33.31	3.81	38.42	6.09	48.36	7.68	47.04	9.62	
chr15	44.46	45.10	11.53	-5.61	14.89	0.75	17.19	2.05	24.20	7.37	
chr15	56.11	57.21	15.76	-18.60	12.14	-5.56	16.33	-9.62	22.65	-0.74	
chr15	57.74	58.24	12.92	-9.20	12.31	-1.47	13.09	-2.07	21.89	3.75	
chr15	58.71	59.25	26.17	6.82	33.39	18.38	38.04	20.30	41.14	27.31	
chr15	59.70	60.17	12.43	0.08	13.29	-1.23	15.42	5.51	25.31	11.26	
chr15	63.38	63.95	14.58	0.94	16.71	4.91	22.34	5.70	33.02	17.08	
chr15	64.17	64.65	38.82	32.77	39.20	32.53	38.08	33.08	36.22	26.45	
chr15	65.52	66.58	28.25	11.91	27.13	14.21	29.61	17.92	34.18	24.19	
chr15	67.19	68.18	15.15	-0.76	14.26	-1.85	16.22	0.19	18.88	4.51	
chr15	68.74	69.23	38.42	1.11	35.61	6.25	39.84	11.05	39.29	12.62	
chr15	69.58	70.34	26.30	3.69	24.12	5.30	26.62	5.04	29.34	9.44	
chr15	72.49	74.08	10.84	-2.07	12.64	-1.60	16.63	-2.71	22.26	2.08	
chr15	74.69	75.42	32.93	17.43	37.74	16.13	48.17	24.18	56.66	25.99	
chr15	75.90	76.82	9.84	-2.32	10.44	-3.23	13.76	-2.50	17.95	-2.74	
chr15	77.16	77.58	2.73	-2.15	4.61	2.69	10.68	3.63	16.25	10.63	
chr15	78.29	78.68	31.49	25.26	28.25	21.53	30.01	24.86	33.93	29.17	
chr15	83.39	84.54	7.60	-1.29	7.31	-0.66	8.62	-0.28	10.70	-0.04	
chr17	0.43	1.35	35.67	6.43	34.46	9.78	38.79	13.77	50.43	24.73	
chr17	1.95	2.55	19.32	6.58	18.88	8.61	21.62	14.42	29.55	16.16	
chr17	3.02	3.58	4.55	-1.80	3.05	-2.01	2.86	-3.29	5.37	-0.39	
chr17	4.05	4.46	15.69	11.33	16.94	11.95	24.75	11.66	33.64	26.04	
chr17	5.06	6.25	26.22	3.95	24.56	4.78	28.47	2.15	31.58	9.27	
chr17	6.55	7.08	18.76	12.47	15.90	8.33	23.23	12.88	30.70	14.76	
chr17	10.23	10.64	14.47	-0.12	10.66	-6.35	18.19	-2.13	26.69	13.45	
chr17	15.59	16.15	34.56	4.51	32.07	3.27	31.96	5.88	33.23	10.40	
chr17	16.43	16.89	2.31	0.52	2.25	0.62	3.27	-1.61	7.83	1.91	
chr17	18.30	18.90	5.91	1.09	5.09	0.79	5.49	0.87	6.28	1.60	
chr17	19.66	20.92	6.96	-3.00	6.47	-1.13	6.63	-2.23	8.10	0.05	
chr17	27.67	28.60	32.92	4.55	28.94	5.38	33.67	12.86	38.42	19.87	
chr17	29.37	30.18	24.28	1.02	21.91	2.61	23.00	5.61	26.69	12.75	
chr17	31.01	31.47	6.98	-4.33	7.26	-1.57	15.15	-1.90	23.79	11.37	
chr17	36.05	36.56	0.27	-0.68	0.27	-0.30	0.40	-0.57	0.72	0.13	
chr17	37.08	37.45	12.90	11.42	24.89	22.23	43.69	35.48	50.05	49.85	
chr17	37.73	38.29	0.23	-0.05	0.25	-0.18	0.24	-0.04	0.28	-0.17	
chr17	42.85	43.46	22.84	0.01	25.03	0.00	33.06	-0.02	41.88	0.02	
chr17	44.07	44.73	27.98	11.14	29.35	13.15	37.26	21.35	43.97	23.55	
chr17	45.41	45.99	16.71	3.83	15.14	3.64	19.54	5.44	25.81	5.81	
chr17	46.18	46.82	1.72	-0.01	2.33	-0.08	2.73	0.15	3.29	0.16	
chr17	48.76	49.88	24.05	7.79	22.43	7.90	26.18	10.39	34.48	16.31	
chr17	55.64	56.51	14.08	-16.20	14.52	-15.89	15.14	-12.29	19.75	-13.30	
chr17	57.02	57.65	16.02	4.45	16.43	4.15	16.69	5.63	22.40	8.45	
chr17	58.56	59.13	9.78	-1.92	11.46	1.07	14.02	3.32	18.89	7.90	
chr17	61.59	62.46	14.89	-9.81	16.57	-3.54	18.69	-2.38	21.70	2.80	
chr17	62.95	63.41	3.84	-7.55	3.94	-4.44	6.23	0.09	17.03	3.20	
chr17	63.90	64.44	19.77	12.68	19.68	13.88	23.71	16.30	31.51	24.06	
chr17	64.99	66.08	11.61	-1.15	12.89	-1.63	14.49	-1.42	21.44	0.14	
chr17	72.79	73.17	21.91	16.39	19.18	14.95	20.64	18.39	30.29	23.91	
chr17	73.61	74.85	15.24	3.21	12.43	1.35	12.93	0.58	17.03	4.99	
chr17	77.40	78.03	17.34	4.81	15.74	5.17	15.86	6.14	21.90	11.07	
chr17	79.18	79.79	20.74	14.07	16.95	11.27	19.09	12.05	26.39	19.60	
chr17	80.49	81.03	14.92	8.74	11.88	6.07	16.02	6.56	31.86	19.33	
chr17	82.53	82.98	30.14	20.51	28.11	19.76	33.03	24.85	37.77	27.22	
chr2	9.38	10.02	66.40	29.37	64.41	39.08	63.17	36.66	65.66	36.83	
chr2	10.64	11.35	27.46	5.80	23.24	4.48	24.33	9.81	32.12	9.48	
chr2	24.32	24.89	6.12	-6.38	5.94	-2.07	9.00	-0.40	16.91	7.22	
chr2	25.39	25.80	25.10	21.42	19.46	17.23	23.10	17.37	27.54	23.35	
chr2	28.82	30.00	21.60	-3.04	20.19	-1.49	20.12	-5.55	24.55	-1.70	
chr2	36.81	37.43	24.91	2.99	30.49	15.86	33.85	14.80	43.41	27.77	
chr2	37.95	38.41	24.46	13.71	22.27	12.17	27.88	17.20	33.55	25.75	
chr2	38.92	39.35	26.23	18.97	25.35	19.81	25.58	15.59	32.62	28.55	
chr2	42.25	42.75	17.45	7.39	16.46	7.49	15.13	9.28	22.21	12.48	
chr2	43.31	43.92	13.36	3.52	12.84	2.90	15.33	3.46	19.90	8.33	
chr2	44.28	44.84	4.24	-9.85	5.53	-8.87	7.97	-9.90	11.42	0.73	
chr2	45.34	46.11	34.95	5.10	35.17	4.26	39.87	11.56	41.92	12.35	
chr2	46.31	46.77	43.27	19.50	43.22	19.43	43.42	21.42	42.69	22.08	
chr2	54.24	54.79	21.53	5.75	20.84	3.80	22.75	4.89	33.60	11.62	
chr2	55.40	55.83	17.76	2.57	17.09	0.03	31.44	15.28	35.48	22.26	
chr2	61.94	62.33	21.06	11.85	17.20	9.99	13.88	5.95	23.29	18.75	
chr2	63.82	64.55	31.28	3.48	27.02	2.81	30.57	10.55	39.68	9.02	
chr2	69.25	69.74	30.43	21.07	28.87	16.62	41.10	29.94	52.27	42.08	
chr2	70.39	71.32	22.68	8.82	18.28	7.68	22.78	8.66	25.70	9.70	
chr2	71.93	72.78	4.35	-7.71	3.94	-6.18	4.24	-7.77	7.35	-2.90	
chr2	73.29	73.99	12.73	-1.13	11.35	-0.10	14.90	0.09	18.54	0.16	
chr2	85.99	87.23	11.10	-3.95	10.39	-0.41	11.79	-0.60	14.49	-1.26	
chr2	95.50	96.06	18.01	-0.05	15.40	0.13	15.64	-0.08	20.32	0.21	
chr2	96.98	97.59	2.99	-0.89	2.65	-1.01	2.80	-0.80	4.60	-0.40	
chr2	99.04	99.52	36.25	21.37	42.96	19.08	36.26	19.01	50.79	34.13	
chr2	99.90	100.51	19.35	-2.87	20.12	0.29	22.48	-1.51	27.24	4.25	
chr2	108.59	109.14	24.32	2.35	22.60	-0.33	25.61	8.79	36.18	13.95	
chr2	111.20	111.57	4.82	3.56	6.81	5.58	12.82	11.19	11.60	8.90	
chr2	111.98	112.48	16.00	2.99	14.52	4.13	17.58	4.64	21.95	9.15	
chr2	119.63	120.26	6.64	-4.02	8.68	-1.77	11.90	-3.43	19.47	8.63	
chr2	120.94	121.56	22.61	8.02	22.94	8.27	26.62	11.71	36.69	16.23	
chr2	130.41	130.82	1.77	0.83	1.42	0.55	1.24	0.13	2.77	1.56	
chr2	149.24	149.87	20.66	-15.18	18.91	-6.35	21.40	-3.48	32.50	2.79	
chr2	159.19	159.92	13.46	-14.42	15.71	-6.48	19.55	1.71	26.56	9.75	
chr2	160.45	160.90	17.20	5.91	14.96	-1.10	17.67	6.49	26.57	11.91	
chr2	172.43	172.83	41.43	34.81	35.84	26.60	37.82	28.24	39.04	28.44	
chr2	173.22	173.75	22.63	3.59	18.64	8.14	22.33	10.84	33.19	14.84	
chr2	189.65	190.54	9.89	-1.70	14.28	0.64	14.19	1.05	19.24	3.64	
chr2	201.19	201.75	15.22	7.22	12.46	5.54	14.81	5.02	25.06	17.36	
chr2	202.47	203.43	11.70	-6.27	11.56	-0.18	13.91	2.30	18.74	6.53	
chr2	216.72	217.83	23.41	2.90	20.42	4.42	26.52	9.53	31.80	9.24	
chr2	218.34	219.08	47.90	14.42	51.10	21.10	56.55	28.34	65.66	41.82	
chr2	223.09	223.56	11.32	-1.33	11.42	2.69	9.10	-7.64	18.24	2.80	
chr2	225.31	226.04	5.98	-15.46	4.69	-20.16	6.25	-18.63	14.12	-16.48	
chr2	226.74	227.42	13.48	-9.63	13.07	-2.59	13.53	-8.03	26.00	0.61	
chr2	230.80	231.25	24.48	0.28	21.12	6.42	29.22	16.38	39.10	18.34	
chr2	231.84	232.37	7.42	-0.46	5.69	-0.76	7.92	0.59	12.48	6.34	
chr2	233.46	234.00	22.90	5.72	22.82	8.01	23.14	5.96	34.50	13.84	
chr2	234.61	235.04	39.33	35.94	40.88	33.93	40.76	28.70	55.77	43.63	
chr2	235.53	237.04	18.65	-0.38	20.96	0.90	22.73	0.86	25.58	2.65	
chr2	237.56	238.00	16.22	12.67	19.31	9.98	26.75	13.88	28.75	13.49	
chr2	238.39	238.96	20.33	-3.86	17.67	-0.35	17.20	2.07	24.57	3.99	
chr2	240.76	241.37	39.76	21.73	37.15	16.01	41.41	20.38	47.73	21.68	
chr10	4.00	4.49	20.59	8.93	18.92	9.88	20.69	9.84	21.82	5.28	
chr10	4.94	5.43	3.19	-6.16	4.20	-6.21	5.81	-5.77	6.45	-0.25	
chr10	12.24	12.85	18.81	8.52	18.37	5.17	23.35	6.58	36.96	16.82	
chr10	14.62	15.02	23.77	19.51	30.32	25.26	36.24	29.26	41.51	35.91	
chr10	30.07	30.44	9.03	8.44	10.61	5.70	16.24	9.35	19.33	18.30	
chr10	32.30	32.89	7.55	-4.95	5.44	-2.37	8.20	-2.76	12.19	2.32	
chr10	33.46	34.71	9.24	-12.75	9.27	-5.75	7.80	-6.23	12.97	-6.24	
chr10	68.51	68.97	30.64	20.25	31.06	22.00	43.10	33.08	56.79	48.48	
chr10	69.42	70.06	43.59	13.09	37.11	9.06	39.25	17.18	42.29	24.57	
chr10	70.71	71.94	16.72	2.43	17.40	2.04	22.60	4.00	28.42	8.28	
chr10	72.52	73.60	9.80	2.40	11.27	2.80	16.62	6.42	20.04	11.46	
chr10	74.14	74.80	0.41	-3.16	0.30	-2.60	0.65	-5.17	3.50	-1.78	
chr10	75.52	76.03	17.69	1.93	10.93	-2.44	16.49	-0.65	21.34	1.73	
chr10	79.57	80.13	3.43	-7.69	3.56	-4.57	4.42	-4.82	6.69	-3.52	
chr10	87.07	87.60	6.99	0.03	5.56	-0.38	6.72	-0.17	7.36	-0.19	
chr10	91.88	92.37	21.56	9.18	20.34	12.41	23.36	10.92	32.16	14.61	
chr10	92.77	93.22	18.94	3.46	12.56	4.87	22.14	10.48	24.14	12.11	
chr10	94.49	95.05	2.92	-4.48	3.20	-4.69	4.19	-4.81	9.34	-1.82	
chr10	95.59	96.46	6.28	-7.99	5.28	-4.44	6.85	-3.51	10.82	-4.61	
chr10	96.71	97.23	29.44	6.97	31.86	7.35	40.98	17.19	41.30	17.96	
chr10	97.89	98.34	11.86	3.93	11.11	3.27	16.14	6.33	23.21	12.80	
chr10	100.04	100.75	32.15	17.75	29.13	16.30	32.88	19.16	41.71	26.33	
chr10	101.25	102.07	20.69	0.72	18.85	2.99	24.94	6.91	31.72	11.95	
chr10	102.73	103.22	14.52	9.99	11.49	7.30	16.60	11.67	27.19	18.33	
chr10	113.22	114.17	27.41	-7.67	26.95	-7.04	31.75	-9.05	35.34	1.27	
chr10	120.66	121.97	26.64	-8.89	21.95	-2.02	19.97	-1.37	25.09	0.83	
chr10	125.08	125.65	16.09	1.33	12.40	-0.36	12.44	2.97	18.17	4.70	
chr10	132.65	133.07	23.17	15.58	17.06	10.31	19.04	9.97	25.66	16.49	
chr1	1.60	2.12	36.58	13.97	36.33	24.43	39.34	25.25	47.98	29.19	
chr1	2.64	3.34	17.83	4.67	14.29	1.40	13.57	3.35	17.20	5.62	
chr1	6.69	7.84	14.06	2.31	13.32	3.24	15.14	0.37	22.39	6.20	
chr1	11.09	11.64	18.71	12.10	15.13	7.91	16.28	5.24	25.67	14.85	
chr1	13.82	14.32	28.72	5.35	34.42	2.29	29.74	1.22	36.13	9.51	
chr1	16.38	16.94	20.58	0.00	18.48	0.00	23.68	-0.05	28.58	0.00	
chr1	17.52	18.74	13.20	0.18	10.66	0.42	10.96	2.54	16.00	2.77	
chr1	19.91	20.34	31.83	20.41	24.49	17.27	24.65	16.39	35.85	26.08	
chr1	20.78	21.36	15.58	3.99	13.68	2.11	16.44	4.06	20.53	8.41	
chr1	22.10	22.69	33.77	15.47	30.50	11.24	30.92	13.88	34.41	12.80	
chr1	23.68	24.54	39.63	26.86	42.67	26.13	50.28	35.25	49.37	24.24	
chr1	27.67	28.18	43.14	16.22	42.96	17.74	49.65	27.18	50.44	34.94	
chr1	28.80	30.57	16.16	-0.98	13.05	0.62	15.82	-0.08	18.70	2.20	
chr1	31.01	31.47	26.45	15.47	26.49	17.01	32.65	28.29	40.44	29.73	
chr1	32.01	32.67	43.06	21.61	47.97	17.92	55.99	24.17	58.19	33.48	
chr1	35.10	35.90	18.99	1.60	18.91	1.25	24.60	3.15	33.75	14.38	
chr1	36.49	37.41	9.54	-3.07	7.18	-2.25	8.40	-2.80	13.22	-3.54	
chr1	38.15	38.80	13.92	-0.17	9.32	0.48	10.63	-2.07	15.68	4.86	
chr1	40.10	40.68	31.12	12.06	30.03	7.35	29.44	10.95	33.47	18.85	
chr1	41.93	42.75	12.16	-0.77	12.63	2.41	18.36	0.96	23.01	7.22	
chr1	44.03	44.51	19.87	15.56	14.47	10.09	17.69	12.61	32.58	23.35	
chr1	44.96	45.43	8.49	0.61	5.52	1.33	8.57	3.62	13.71	6.92	
chr1	45.69	46.07	7.64	5.34	10.09	9.40	14.40	11.04	24.94	23.07	
chr1	52.14	52.99	20.92	0.42	21.78	1.61	22.92	3.10	26.30	4.84	
chr1	53.52	54.00	30.39	18.50	26.53	20.30	27.50	17.73	33.39	24.04	
chr1	62.49	63.52	10.11	-16.25	11.43	-12.88	10.02	-10.74	15.71	-10.61	
chr1	84.53	85.10	17.48	3.56	14.87	3.06	18.38	5.55	24.54	9.76	
chr1	91.98	92.64	13.28	-21.91	14.87	-8.35	16.87	-12.31	19.21	2.49	
chr1	93.00	93.53	20.22	4.23	20.46	11.56	25.75	18.16	26.65	19.73	
chr1	111.91	112.51	18.63	-2.05	15.94	-1.53	15.47	-2.80	23.68	1.79	
chr1	113.16	113.79	0.42	-12.27	1.35	-4.45	1.78	-5.62	5.99	-5.36	
chr1	148.53	148.91	1.23	0.00	0.36	0.02	0.64	-0.14	0.40	-0.13	
chr1	149.20	150.16	5.17	-0.19	3.87	-0.62	4.77	-0.76	7.41	-0.60	
chr1	152.09	153.38	5.09	-2.79	3.99	-0.92	4.19	-2.72	6.48	-2.26	
chr1	153.94	154.91	30.27	4.88	26.78	6.12	28.52	8.12	37.12	15.76	
chr1	160.34	160.89	14.99	6.56	11.02	0.09	14.40	4.69	18.86	10.35	
chr1	161.42	162.34	28.81	0.92	24.13	-0.26	27.89	0.43	33.09	1.16	
chr1	173.17	173.76	29.11	3.26	27.12	5.20	32.15	12.62	39.02	18.43	
chr1	179.36	179.90	6.94	-2.95	7.34	-4.18	8.26	-4.72	10.55	-1.81	
chr1	180.38	180.87	11.39	-0.17	11.24	-0.49	13.04	3.03	15.78	3.71	
chr1	200.60	201.17	23.17	6.15	23.58	7.47	31.70	14.49	38.51	22.58	
chr1	202.34	203.32	35.87	10.06	31.14	12.03	34.56	11.17	41.98	19.57	
chr1	204.51	205.07	28.76	19.99	24.74	17.01	29.80	21.61	40.39	28.97	
chr1	205.67	206.50	18.52	0.05	15.78	-0.02	19.54	0.65	27.11	1.03	
chr1	207.18	207.78	7.36	-0.36	6.74	-0.41	9.44	0.06	10.98	-0.37	
chr1	208.34	209.23	8.36	-8.55	8.01	-10.36	7.37	-11.07	10.20	-5.34	
chr1	210.59	211.33	6.87	-2.87	6.19	-0.65	6.63	-4.20	11.66	-0.23	
chr1	211.83	212.28	5.00	-3.42	5.46	-0.11	12.63	4.00	17.21	9.64	
chr1	228.53	229.28	28.93	11.35	23.27	5.70	26.63	12.32	29.26	15.60	
chr1	230.45	231.06	23.92	7.41	22.38	1.55	24.74	2.79	27.75	9.10	
chr1	233.65	234.42	19.12	-3.63	17.46	-0.74	20.26	2.43	20.75	8.04	
chr1	235.17	235.70	28.25	15.92	31.64	18.85	36.95	19.63	38.00	14.15	
chr1	242.15	242.62	14.87	0.98	15.76	-2.47	22.73	-2.55	27.21	5.56	
chr21	31.77	32.24	28.88	14.18	26.20	18.00	24.45	13.62	31.52	18.10	
chr21	32.69	33.16	17.77	10.63	15.28	7.28	18.21	8.27	21.77	14.83	
chr21	34.19	34.88	16.04	-0.02	18.77	0.00	20.49	-0.05	27.93	-0.05	
chr21	35.44	35.98	22.67	13.16	21.67	11.18	22.39	8.80	25.20	13.57	
chr21	36.42	36.83	29.91	18.09	34.51	22.30	37.92	20.32	49.10	33.12	
chr21	41.29	41.81	32.31	11.46	29.44	13.87	35.26	20.84	38.97	14.83	
chr21	43.01	43.51	37.37	0.00	35.31	0.00	40.49	0.00	53.24	0.00	
chr21	43.99	44.77	26.58	0.00	27.65	-0.05	30.50	0.00	37.17	0.00	
chr21	45.37	45.85	15.54	0.03	13.38	0.07	18.44	1.52	28.87	6.77	
chrX	0.62	1.05	22.51	5.95	18.39	9.18	14.87	5.87	20.55	9.15	
chrX	1.70	2.36	17.19	0.00	15.44	0.00	15.16	0.00	15.78	0.00	
chrX	10.84	11.71	16.32	-16.97	18.17	-3.94	15.17	-14.27	26.76	-0.81	
chrX	12.21	12.78	9.58	-7.17	9.19	-3.95	11.06	-11.41	18.49	-24.94	
chrX	24.35	24.99	16.08	-7.40	15.54	-1.16	13.72	-2.10	19.05	-5.04	
chrX	45.89	46.43	15.10	5.08	14.23	3.96	16.25	0.44	21.78	8.89	
chrX	46.71	47.14	27.22	19.69	24.52	14.36	37.06	27.65	43.70	32.36	
chrX	47.73	48.37	7.56	1.26	6.34	1.26	6.14	-0.67	9.75	1.50	
chrX	71.52	71.98	1.47	-1.55	1.18	-0.68	1.35	-1.69	2.65	-0.57	
chrX	118.89	119.37	40.70	-1.06	27.42	-0.59	35.32	16.46	39.02	20.28	
chrX	119.94	120.37	6.43	-2.47	10.11	-0.23	7.92	-0.84	12.36	-0.38	
chrX	133.73	134.44	6.67	-15.72	8.62	-6.92	7.09	-10.31	11.70	-10.94	
chrX	135.04	135.86	11.34	-10.35	9.83	-8.22	8.61	-8.40	11.67	-1.54	
chrX	136.38	136.81	19.56	0.65	15.49	11.06	25.30	-3.09	19.37	11.18	
chrX	152.98	153.50	7.61	0.12	5.13	0.01	7.71	0.06	12.19	-0.37	
chr3	8.85	9.62	20.25	7.20	16.67	7.78	18.95	13.61	22.82	15.49	
chr3	10.35	10.97	19.23	2.20	15.94	4.59	17.18	5.77	21.59	6.54	
chr3	11.39	12.56	32.89	4.56	29.45	7.60	35.92	12.62	39.03	19.47	
chr3	14.75	15.28	26.81	14.01	30.84	15.04	31.41	17.46	31.89	17.85	
chr3	29.45	30.11	1.51	-21.75	2.28	-11.97	3.65	-4.79	6.40	-6.38	
chr3	31.33	31.97	9.81	-17.01	10.38	-11.28	7.49	-9.84	15.22	-0.47	
chr3	37.39	37.89	16.09	10.10	12.32	4.86	13.78	4.06	19.68	10.65	
chr3	38.48	38.95	17.75	3.87	13.60	1.59	14.52	2.50	21.40	11.32	
chr3	44.03	44.78	8.49	-2.60	10.74	-0.46	9.49	-2.54	14.12	1.51	
chr3	45.33	46.33	23.92	3.94	23.86	6.90	23.24	9.78	29.09	11.59	
chr3	46.80	47.20	66.76	36.18	63.10	29.11	61.93	36.13	63.65	37.54	
chr3	47.61	48.25	27.48	5.26	28.70	7.04	38.62	19.59	46.78	26.76	
chr3	48.77	49.22	39.42	28.47	41.12	30.24	51.31	34.89	59.70	42.22	
chr3	49.50	49.96	40.03	32.41	40.95	30.30	48.65	33.80	63.28	41.01	
chr3	50.58	51.88	5.85	-3.14	5.70	-0.95	6.95	-2.29	9.84	-1.26	
chr3	52.56	53.02	32.90	19.23	32.47	16.01	32.01	14.99	38.50	19.92	
chr3	57.18	57.74	13.28	0.28	13.12	1.35	19.05	7.67	22.02	13.29	
chr3	71.63	72.10	19.92	4.77	17.96	3.94	19.17	9.25	24.73	10.40	
chr3	99.22	99.99	10.62	-3.92	11.88	-0.95	17.14	-1.13	20.41	0.79	
chr3	100.55	101.52	5.48	-14.38	5.87	-10.80	7.94	-8.01	10.33	-3.96	
chr3	112.08	112.61	6.09	-8.38	7.38	-4.46	8.67	-2.61	17.22	6.80	
chr3	119.64	120.06	5.97	-4.33	9.44	0.01	10.88	3.72	21.85	11.29	
chr3	123.94	124.76	20.31	8.36	17.26	5.78	21.08	9.50	26.49	8.92	
chr3	125.33	126.18	18.62	5.42	18.12	5.93	21.84	6.39	25.56	8.98	
chr3	126.70	127.47	34.69	13.87	31.16	13.65	32.40	16.67	37.21	19.14	
chr3	127.97	129.13	26.22	13.55	23.17	8.39	25.91	13.03	33.13	15.80	
chr3	133.67	134.05	33.18	25.69	32.07	27.18	37.02	30.87	59.18	51.69	
chr3	138.58	139.09	33.29	19.35	39.86	22.20	43.72	30.34	47.33	31.25	
chr3	141.70	142.65	19.08	-8.96	17.89	-0.13	19.90	6.34	25.06	10.43	
chr3	149.61	150.05	19.33	11.56	16.10	9.45	22.64	13.23	33.61	23.81	
chr3	150.58	151.77	13.31	-3.68	13.29	-2.54	15.18	-4.73	24.13	0.58	
chr3	171.02	171.58	12.68	6.53	14.90	7.74	17.73	9.10	29.16	17.18	
chr3	172.05	172.43	7.49	5.06	7.96	5.69	3.92	-0.60	25.60	21.94	
chr3	183.54	184.03	21.87	10.22	22.14	10.70	28.44	15.48	32.66	23.20	
chr3	184.81	185.51	12.23	3.19	10.60	1.01	13.46	1.73	18.64	7.08	
chr3	186.13	186.55	26.86	6.39	23.90	9.74	25.31	3.01	32.77	10.05	
chr3	194.78	195.60	15.59	0.07	13.55	0.59	15.17	4.00	17.29	3.68	
chr3	196.63	197.23	26.52	15.13	30.00	13.43	34.27	17.95	33.73	21.63	
chr16	0.79	1.18	33.29	31.41	25.46	22.61	25.58	21.88	37.80	34.95	
chr16	2.29	2.73	34.07	2.27	32.67	1.87	32.40	2.29	35.77	1.70	
chr16	9.26	10.07	10.28	-4.70	9.72	1.47	10.56	-1.59	13.76	4.45	
chr16	10.37	11.09	30.86	10.81	30.72	15.84	32.52	19.07	38.87	23.47	
chr16	14.62	15.51	12.42	0.01	17.67	-0.22	21.15	-0.32	23.75	0.11	
chr16	21.54	21.99	14.22	1.53	16.47	0.91	16.57	1.21	17.29	1.63	
chr16	29.16	29.70	4.50	0.14	4.47	0.22	4.78	0.41	5.33	0.30	
chr16	58.05	58.51	16.27	8.32	15.25	7.80	17.77	9.18	25.97	14.52	
chr16	69.71	70.24	26.05	4.22	22.95	3.85	26.35	3.24	32.12	5.53	
chr16	70.82	71.42	2.80	-2.85	1.76	-4.54	1.67	-4.39	4.09	-2.11	
chr16	80.36	81.10	14.46	-7.00	12.89	-6.38	14.43	-2.37	22.41	0.99	
chr16	85.79	86.55	18.14	6.41	14.51	4.39	13.52	4.99	17.82	6.99	
chr16	86.99	87.46	35.63	28.09	30.31	21.77	33.86	23.20	45.62	32.19	
chr16	87.91	88.37	21.04	15.46	16.11	10.95	21.54	16.36	30.33	21.22	
chr16	88.95	89.44	51.36	35.15	45.36	33.25	48.13	38.64	45.28	36.03	
